issue,experiment_slug,variant,seed,metric,value,params,date
8,008-denser-collocation,lbfgs_num_bands4,0,relative_l2,0.822,"{""num_bands"":4,""n_collocation"":200}",2026-07-15
8,008-denser-collocation,lbfgs_num_bands4,1,relative_l2,0.851,"{""num_bands"":4,""n_collocation"":200}",2026-07-15
8,008-denser-collocation,lbfgs_num_bands4,0,relative_l2,0.090,"{""num_bands"":4,""n_collocation"":1000}",2026-07-15
8,008-denser-collocation,lbfgs_num_bands4,1,relative_l2,0.143,"{""num_bands"":4,""n_collocation"":1000}",2026-07-15
8,008-denser-collocation,lbfgs_num_bands4,0,relative_l2,0.098,"{""num_bands"":4,""n_collocation"":2000}",2026-07-15
8,008-denser-collocation,lbfgs_num_bands4,1,relative_l2,0.104,"{""num_bands"":4,""n_collocation"":2000}",2026-07-15
8,008-denser-collocation,lbfgs_num_bands4,2,relative_l2,0.096,"{""num_bands"":4,""n_collocation"":2000}",2026-07-15
8,008-denser-collocation,lbfgs_num_bands4,7,relative_l2,0.065,"{""num_bands"":4,""n_collocation"":2000}",2026-07-15
8,008-denser-collocation,lbfgs_num_bands4,0,relative_l2,0.142,"{""num_bands"":4,""n_collocation"":3000}",2026-07-15
8,008-denser-collocation,lbfgs_num_bands4,1,relative_l2,0.163,"{""num_bands"":4,""n_collocation"":3000}",2026-07-15
8,008-denser-collocation,lbfgs_num_bands4,0,relative_l2,0.055,"{""num_bands"":4,""n_collocation"":4000}",2026-07-15
8,008-denser-collocation,lbfgs_num_bands4,1,relative_l2,0.129,"{""num_bands"":4,""n_collocation"":4000}",2026-07-15
12,012-point-draw-variance,lbfgs_point_draw,100,relative_l2,0.0708,"{""num_bands"":4,""n_collocation"":2000,""model_seed"":0,""hidden"":32}",2026-07-16
12,012-point-draw-variance,lbfgs_point_draw,101,relative_l2,0.0413,"{""num_bands"":4,""n_collocation"":2000,""model_seed"":0,""hidden"":32}",2026-07-16
12,012-point-draw-variance,lbfgs_point_draw,102,relative_l2,0.0591,"{""num_bands"":4,""n_collocation"":2000,""model_seed"":0,""hidden"":32}",2026-07-16
12,012-point-draw-variance,lbfgs_point_draw,103,relative_l2,0.1446,"{""num_bands"":4,""n_collocation"":2000,""model_seed"":0,""hidden"":32}",2026-07-16
12,012-point-draw-variance,lbfgs_point_draw,104,relative_l2,0.0715,"{""num_bands"":4,""n_collocation"":2000,""model_seed"":0,""hidden"":32}",2026-07-16
12,012-point-draw-variance,lbfgs_point_draw,100,relative_l2,0.1657,"{""num_bands"":4,""n_collocation"":4000,""model_seed"":0,""hidden"":32}",2026-07-16
12,012-point-draw-variance,lbfgs_point_draw,101,relative_l2,0.0258,"{""num_bands"":4,""n_collocation"":4000,""model_seed"":0,""hidden"":32}",2026-07-16
12,012-point-draw-variance,lbfgs_point_draw,102,relative_l2,0.0562,"{""num_bands"":4,""n_collocation"":4000,""model_seed"":0,""hidden"":32}",2026-07-16
12,012-point-draw-variance,lbfgs_point_draw,103,relative_l2,0.1029,"{""num_bands"":4,""n_collocation"":4000,""model_seed"":0,""hidden"":32}",2026-07-16
12,012-point-draw-variance,lbfgs_point_draw,104,relative_l2,0.0805,"{""num_bands"":4,""n_collocation"":4000,""model_seed"":0,""hidden"":32}",2026-07-16
10,010-network-capacity,lbfgs_32x3,0,relative_l2,0.078,"{""num_bands"":4,""n_collocation"":2000,""hidden"":32,""num_layers"":3}",2026-07-15
10,010-network-capacity,lbfgs_32x3,1,relative_l2,0.144,"{""num_bands"":4,""n_collocation"":2000,""hidden"":32,""num_layers"":3}",2026-07-15
10,010-network-capacity,lbfgs_32x3,2,relative_l2,0.175,"{""num_bands"":4,""n_collocation"":2000,""hidden"":32,""num_layers"":3}",2026-07-15
10,010-network-capacity,lbfgs_32x3,7,relative_l2,0.053,"{""num_bands"":4,""n_collocation"":2000,""hidden"":32,""num_layers"":3}",2026-07-15
10,010-network-capacity,lbfgs_64x3,0,relative_l2,0.027,"{""num_bands"":4,""n_collocation"":2000,""hidden"":64,""num_layers"":3}",2026-07-15
10,010-network-capacity,lbfgs_64x3,1,relative_l2,0.041,"{""num_bands"":4,""n_collocation"":2000,""hidden"":64,""num_layers"":3}",2026-07-15
10,010-network-capacity,lbfgs_64x3,2,relative_l2,0.026,"{""num_bands"":4,""n_collocation"":2000,""hidden"":64,""num_layers"":3}",2026-07-15
10,010-network-capacity,lbfgs_64x3,7,relative_l2,0.018,"{""num_bands"":4,""n_collocation"":2000,""hidden"":64,""num_layers"":3}",2026-07-15
10,010-network-capacity,lbfgs_64x4,0,relative_l2,0.022,"{""num_bands"":4,""n_collocation"":2000,""hidden"":64,""num_layers"":4}",2026-07-15
10,010-network-capacity,lbfgs_64x4,1,relative_l2,0.018,"{""num_bands"":4,""n_collocation"":2000,""hidden"":64,""num_layers"":4}",2026-07-15
10,010-network-capacity,lbfgs_64x4,2,relative_l2,0.015,"{""num_bands"":4,""n_collocation"":2000,""hidden"":64,""num_layers"":4}",2026-07-15
10,010-network-capacity,lbfgs_64x4,7,relative_l2,0.023,"{""num_bands"":4,""n_collocation"":2000,""hidden"":64,""num_layers"":4}",2026-07-15
11,011-soap-optimizer,soap_num_bands4,0,relative_l2,0.0357,"{""num_bands"":4,""n_collocation"":2000,""steps"":2000}",2026-07-15
11,011-soap-optimizer,soap_num_bands4,1,relative_l2,0.0304,"{""num_bands"":4,""n_collocation"":2000,""steps"":2000}",2026-07-15
11,011-soap-optimizer,soap_num_bands4,2,relative_l2,0.0233,"{""num_bands"":4,""n_collocation"":2000,""steps"":2000}",2026-07-15
11,011-soap-optimizer,soap_num_bands4,7,relative_l2,0.0232,"{""num_bands"":4,""n_collocation"":2000,""steps"":2000}",2026-07-15
22,022-two-mode-superposition,plain_two_mode,0,relative_l2,0.7699,"{""target"":""two_mode""}",2026-07-16
22,022-two-mode-superposition,plain_two_mode,1,relative_l2,0.7944,"{""target"":""two_mode""}",2026-07-16
22,022-two-mode-superposition,plain_two_mode,2,relative_l2,0.7947,"{""target"":""two_mode""}",2026-07-16
22,022-two-mode-superposition,plain_two_mode,7,relative_l2,0.7876,"{""target"":""two_mode""}",2026-07-16
22,022-two-mode-superposition,fourier_num_bands2_two_mode,0,relative_l2,0.7029,"{""target"":""two_mode"",""num_bands"":2}",2026-07-16
22,022-two-mode-superposition,fourier_num_bands2_two_mode,1,relative_l2,0.6995,"{""target"":""two_mode"",""num_bands"":2}",2026-07-16
22,022-two-mode-superposition,fourier_num_bands2_two_mode,2,relative_l2,0.7049,"{""target"":""two_mode"",""num_bands"":2}",2026-07-16
22,022-two-mode-superposition,fourier_num_bands2_two_mode,7,relative_l2,0.7063,"{""target"":""two_mode"",""num_bands"":2}",2026-07-16
25,025-num-bands-sweep,adam_two_mode,0,relative_l2,1.0042,"{""target"":""two_mode"",""num_bands"":4}",2026-07-16
25,025-num-bands-sweep,adam_two_mode,0,relative_l2,1.0309,"{""target"":""two_mode"",""num_bands"":6}",2026-07-16
25,025-num-bands-sweep,adam_two_mode,0,relative_l2,1.0325,"{""target"":""two_mode"",""num_bands"":8}",2026-07-16
25,025-num-bands-sweep,lbfgs_two_mode_sweep,,relative_l2_mean,0.7334,"{""target"":""two_mode"",""num_bands"":2}",2026-07-16
25,025-num-bands-sweep,lbfgs_two_mode_sweep,,relative_l2_stdev,0.0080,"{""target"":""two_mode"",""num_bands"":2}",2026-07-16
25,025-num-bands-sweep,lbfgs_two_mode_sweep,,relative_l2_mean,0.7023,"{""target"":""two_mode"",""num_bands"":4}",2026-07-16
25,025-num-bands-sweep,lbfgs_two_mode_sweep,,relative_l2_stdev,0.0024,"{""target"":""two_mode"",""num_bands"":4}",2026-07-16
25,025-num-bands-sweep,lbfgs_two_mode_sweep,,relative_l2_mean,1.0292,"{""target"":""two_mode"",""num_bands"":6}",2026-07-16
25,025-num-bands-sweep,lbfgs_two_mode_sweep,,relative_l2_stdev,0.0052,"{""target"":""two_mode"",""num_bands"":6}",2026-07-16
25,025-num-bands-sweep,lbfgs_two_mode_sweep,,relative_l2_mean,1.0298,"{""target"":""two_mode"",""num_bands"":8}",2026-07-16
25,025-num-bands-sweep,lbfgs_two_mode_sweep,,relative_l2_stdev,0.0058,"{""target"":""two_mode"",""num_bands"":8}",2026-07-16
25,025-num-bands-sweep,soap_two_mode_sweep,,relative_l2_mean,0.7302,"{""target"":""two_mode"",""num_bands"":2}",2026-07-16
25,025-num-bands-sweep,soap_two_mode_sweep,,relative_l2_stdev,0.0055,"{""target"":""two_mode"",""num_bands"":2}",2026-07-16
25,025-num-bands-sweep,soap_two_mode_sweep,,relative_l2_mean,0.7128,"{""target"":""two_mode"",""num_bands"":4}",2026-07-16
25,025-num-bands-sweep,soap_two_mode_sweep,,relative_l2_stdev,0.0021,"{""target"":""two_mode"",""num_bands"":4}",2026-07-16
25,025-num-bands-sweep,soap_two_mode_sweep,,relative_l2_mean,1.0757,"{""target"":""two_mode"",""num_bands"":6}",2026-07-16
25,025-num-bands-sweep,soap_two_mode_sweep,,relative_l2_stdev,0.0691,"{""target"":""two_mode"",""num_bands"":6}",2026-07-16
25,025-num-bands-sweep,soap_two_mode_sweep,,relative_l2_mean,355.24,"{""target"":""two_mode"",""num_bands"":8}",2026-07-16
25,025-num-bands-sweep,soap_two_mode_sweep,,relative_l2_stdev,292.3,"{""target"":""two_mode"",""num_bands"":8}",2026-07-16
23,023-long-horizon-causal,uniform_long_horizon,0,relative_l2,0.9225,"{""horizon_periods"":5}",2026-07-17
23,023-long-horizon-causal,uniform_long_horizon,1,relative_l2,0.9255,"{""horizon_periods"":5}",2026-07-17
23,023-long-horizon-causal,uniform_long_horizon,2,relative_l2,0.9229,"{""horizon_periods"":5}",2026-07-17
23,023-long-horizon-causal,uniform_long_horizon,7,relative_l2,0.9249,"{""horizon_periods"":5}",2026-07-17
23,023-long-horizon-causal,causal_eps1_long_horizon,0,relative_l2,0.9251,"{""horizon_periods"":5,""epsilon"":1.0}",2026-07-17
23,023-long-horizon-causal,causal_eps1_long_horizon,1,relative_l2,0.9230,"{""horizon_periods"":5,""epsilon"":1.0}",2026-07-17
23,023-long-horizon-causal,causal_eps1_long_horizon,2,relative_l2,0.9236,"{""horizon_periods"":5,""epsilon"":1.0}",2026-07-17
23,023-long-horizon-causal,causal_eps1_long_horizon,7,relative_l2,0.9249,"{""horizon_periods"":5,""epsilon"":1.0}",2026-07-17
30,030-pseudo-sequence-long-horizon,pseudo_sequence_long_horizon,0,relative_l2,0.9973,"{""horizon_periods"":5}",2026-07-27
30,030-pseudo-sequence-long-horizon,pseudo_sequence_long_horizon,1,relative_l2,1.0844,"{""horizon_periods"":5}",2026-07-27
30,030-pseudo-sequence-long-horizon,pseudo_sequence_long_horizon,2,relative_l2,0.9792,"{""horizon_periods"":5}",2026-07-27
30,030-pseudo-sequence-long-horizon,pseudo_sequence_long_horizon,7,relative_l2,1.1015,"{""horizon_periods"":5}",2026-07-27
32,032-curriculum-long-horizon,curriculum_long_horizon,0,relative_l2,0.9141,"{""horizon_periods"":5,""n_stages"":5}",2026-07-27
32,032-curriculum-long-horizon,curriculum_long_horizon,1,relative_l2,0.9120,"{""horizon_periods"":5,""n_stages"":5}",2026-07-27
32,032-curriculum-long-horizon,curriculum_long_horizon,2,relative_l2,0.8985,"{""horizon_periods"":5,""n_stages"":5}",2026-07-27
32,032-curriculum-long-horizon,curriculum_long_horizon,7,relative_l2,0.9111,"{""horizon_periods"":5,""n_stages"":5}",2026-07-27
34,034-ntk-reweighted-long-horizon,ntk_reweighted_long_horizon,0,relative_l2,1.0089,"{""horizon_periods"":5,""update_every"":10,""alpha"":0.9}",2026-07-27
34,034-ntk-reweighted-long-horizon,ntk_reweighted_long_horizon,1,relative_l2,1.1336,"{""horizon_periods"":5,""update_every"":10,""alpha"":0.9}",2026-07-27
34,034-ntk-reweighted-long-horizon,ntk_reweighted_long_horizon,2,relative_l2,0.9999,"{""horizon_periods"":5,""update_every"":10,""alpha"":0.9}",2026-07-27
34,034-ntk-reweighted-long-horizon,ntk_reweighted_long_horizon,7,relative_l2,1.0275,"{""horizon_periods"":5,""update_every"":10,""alpha"":0.9}",2026-07-27
35,035-antitrivial-regularizer,antitrivial_long_horizon,0,relative_l2,0.9687,"{""horizon_periods"":5,""lambda_grad"":1.0}",2026-07-28
35,035-antitrivial-regularizer,antitrivial_long_horizon,1,relative_l2,0.9697,"{""horizon_periods"":5,""lambda_grad"":1.0}",2026-07-28
35,035-antitrivial-regularizer,antitrivial_long_horizon,2,relative_l2,0.9716,"{""horizon_periods"":5,""lambda_grad"":1.0}",2026-07-28
35,035-antitrivial-regularizer,antitrivial_long_horizon,7,relative_l2,0.9680,"{""horizon_periods"":5,""lambda_grad"":1.0}",2026-07-28
36,036-neusa-long-horizon,neusa_long_horizon,0,relative_l2,0.0023,"{""horizon_periods"":5,""train_horizon_periods"":1,""num_modes"":8,""hidden"":16,""eps"":0.1,""steps"":100}",2026-07-28
36,036-neusa-long-horizon,neusa_long_horizon,1,relative_l2,0.002245,"{""horizon_periods"":5,""train_horizon_periods"":1,""num_modes"":8,""hidden"":16,""eps"":0.1,""steps"":100}",2026-07-28
36,036-neusa-long-horizon,neusa_long_horizon,2,relative_l2,0.002289,"{""horizon_periods"":5,""train_horizon_periods"":1,""num_modes"":8,""hidden"":16,""eps"":0.1,""steps"":100}",2026-07-28
36,036-neusa-long-horizon,neusa_long_horizon,7,relative_l2,0.002259,"{""horizon_periods"":5,""train_horizon_periods"":1,""num_modes"":8,""hidden"":16,""eps"":0.1,""steps"":100}",2026-07-28
38,038-fp64-precision,fp64_original_32hidden_200pt,0,relative_l2,0.9078,"{""hidden"":32,""n_collocation"":200,""dtype"":""float64""}",2026-07-28
38,038-fp64-precision,fp64_original_32hidden_200pt,1,relative_l2,0.8885,"{""hidden"":32,""n_collocation"":200,""dtype"":""float64""}",2026-07-28
38,038-fp64-precision,fp64_original_32hidden_200pt,2,relative_l2,0.9225,"{""hidden"":32,""n_collocation"":200,""dtype"":""float64""}",2026-07-28
38,038-fp64-precision,fp64_original_32hidden_200pt,7,relative_l2,0.8915,"{""hidden"":32,""n_collocation"":200,""dtype"":""float64""}",2026-07-28
38,038-fp64-precision,fp64_shipped_64hidden_2000pt,0,relative_l2,0.0282,"{""hidden"":64,""n_collocation"":2000,""dtype"":""float64""}",2026-07-28
38,038-fp64-precision,fp64_shipped_64hidden_2000pt,1,relative_l2,0.0282,"{""hidden"":64,""n_collocation"":2000,""dtype"":""float64""}",2026-07-28
38,038-fp64-precision,fp64_shipped_64hidden_2000pt,2,relative_l2,0.0582,"{""hidden"":64,""n_collocation"":2000,""dtype"":""float64""}",2026-07-28
38,038-fp64-precision,fp64_shipped_64hidden_2000pt,7,relative_l2,0.0376,"{""hidden"":64,""n_collocation"":2000,""dtype"":""float64""}",2026-07-28
38,038-fp64-precision,fp64_32hidden_2000pt_bonus,0,relative_l2,0.0343,"{""hidden"":32,""n_collocation"":2000,""dtype"":""float64""}",2026-07-28
38,038-fp64-precision,fp64_32hidden_2000pt_bonus,1,relative_l2,0.2250,"{""hidden"":32,""n_collocation"":2000,""dtype"":""float64""}",2026-07-28
38,038-fp64-precision,fp64_32hidden_2000pt_bonus,2,relative_l2,0.1898,"{""hidden"":32,""n_collocation"":2000,""dtype"":""float64""}",2026-07-28
38,038-fp64-precision,fp64_32hidden_2000pt_bonus,7,relative_l2,0.0834,"{""hidden"":32,""n_collocation"":2000,""dtype"":""float64""}",2026-07-28
46,046-dielectric-interface-capacity,hidden16,0,relative_l2,0.8338,"{""hidden"":16,""steps"":600,""x_int"":0.35,""eps_1"":1.0,""eps_2"":4.0}",2026-07-28
46,046-dielectric-interface-capacity,hidden16,1,relative_l2,0.8497,"{""hidden"":16,""steps"":600,""x_int"":0.35,""eps_1"":1.0,""eps_2"":4.0}",2026-07-28
46,046-dielectric-interface-capacity,hidden64,0,relative_l2,0.7075,"{""hidden"":64,""steps"":600,""x_int"":0.35,""eps_1"":1.0,""eps_2"":4.0}",2026-07-28
46,046-dielectric-interface-capacity,hidden64,1,relative_l2,0.7415,"{""hidden"":64,""steps"":600,""x_int"":0.35,""eps_1"":1.0,""eps_2"":4.0}",2026-07-28
46,046-dielectric-interface-capacity,hidden256,0,relative_l2,0.6729,"{""hidden"":256,""steps"":600,""x_int"":0.35,""eps_1"":1.0,""eps_2"":4.0}",2026-07-28
46,046-dielectric-interface-capacity,hidden256,1,relative_l2,0.7383,"{""hidden"":256,""steps"":600,""x_int"":0.35,""eps_1"":1.0,""eps_2"":4.0}",2026-07-28
